x-Position,y-Position,Radius,NANOG,GATA6
0.0,0.0,,0.019533242783773157,0.019771869909553135
-0.7788750976954846,0.7383655365912527,,0.020469233205017118,0.019835570703924586
0.714967056871848,0.6365894467275424,,0.01955569612181708,0.020553913783802856
-0.7482736552767981,-0.7129827220410325,,0.02137196706503254,0.020627968313824314
0.6979974415770025,-0.7557727657685139,,0.01834252840258864,0.02006609830135299
-0.05723186594842833,0.733077986168253,,0.018813055910376648,0.019309694699312784
-0.625748878760753,-0.09105267367913661,,0.020141437041596058,0.019665308562367954
-0.13543403230343776,-0.7249979561089532,,0.0186112248310238,0.021605902493573893
0.6089283603506723,-0.09869575868319258,,0.019984486430149738,0.021383967170137897
